T [ms],AccX [mg],AccY [mg],AccZ [mg],GyroX [mdps],GyroY [mdps],GyroZ [mdps]
102862, -168, -71, 958, 24010, -53830, -16730
102882, -176, -86, 973, 14840, -40530, -11060
102902, -177, -112, 1025, -70, -27860, -5670
102922, -179, -117, 1042, -14210, -25270, -3290
102942, -168, -109, 1039, -14420, -31080, -2170
102962, -131, -82, 990, -4690, -27650, -1120
102982, -106, -86, 978, 910, -32620, 980
103002, -90, -94, 1029, -3500, -40600, 1820
103022, -73, -112, 1078, -12950, -44310, -1470
103042, -26, -117, 1061, -15260, -42140, -4060
103062, -27, -118, 1021, -8260, -58100, -7630
103082, -35, -135, 1042, -11760, -71680, -13160
103102, 13, -138, 1061, -14910, -66010, -13860
103122, 20, -141, 1103, -12880, -48860, -13440
103142, 58, -148, 1098, -3920, -46690, -16170
103162, 26, -147, 1023, 13580, -64400, -22190
103182, 43, -122, 1051, 22540, -54600, -22470
103202, 26, -121, 1064, 30170, -26600, -16310
103222, 12, -104, 1068, 33390, -13160, -12530
103242, 25, -105, 1068, 31290, -20510, -13930
103262, 75, -99, 1060, 24360, -41930, -13160
103282, 173, -76, 1036, 17500, -61460, -8890
103302, 178, -66, 1050, 16660, -57120, -4060
103322, 196, -72, 1095, 17360, -42140, 1820
103342, 208, -67, 1117, 18900, -34440, 770
103362, 174, -59, 1106, 23520, -37380, -4620
103382, 195, -31, 1041, 25340, -50470, -10640
103402, 199, -29, 825, 29960, -63630, -16520
103422, 295, 115, 954, 58100, -71820, -20090
103442, 336, 168, 949, 146930, -89460, -30450
103462, 329, 208, 1004, 171010, -88130, -40810
103482, 300, 211, 893, 110460, -57330, -29960
103502, 295, 233, 867, 10360, -18760, -12880
103522, 245, 214, 859, -8960, -11200, -5320
103542, 254, 190, 857, -16940, -5040, 2800
103562, 266, 170, 867, -24010, 7420, 8610
103582, 243, 145, 892, -25550, 22050, 9590
103602, 205, 136, 895, -25620, 37100, 11620
103622, 203, 139, 883, -19600, 46270, 12600
103642, 188, 166, 860, -7700, 41790, 8890
103662, 169, 187, 844, 8470, 31430, 3500
103682, 150, 190, 854, 21490, 20440, -1260
103702, 171, 185, 826, 28140, 5740, -3080
103722, 189, 206, 798, 23660, -9520, -9100
103742, 98, 205, 520, 32970, -30380, -18130
103762, -428, 896, 545, 88480, -87500, -37100
103782, 498, 753, -350, 271460, -262150, -105210
103802, -62, 249, -67, 189490, -583940, -276430
103822, -35, 318, -161, -38430, -463960, -273350
103842, -36, 667, -386, -69300, -276500, -205030
103862, -143, 1194, -455, 67340, -186200, -162260
103882, -331, 1755, -258, 482790, -18060, -101570
103902, -342, 1997, -258, 632310, -66220, -288540
103922, -148, 1997, -729, -45780, -309820, -512960
103942, -136, 1997, -938, -74830, -256200, -468650
103962, -329, 1997, -544, 647080, -5250, -278250
103982, -378, 1997, -279, 754110, -1120, -279440
104002, -202, 1997, -711, 34440, -241150, -490350
104022, -164, 1997, -946, -106050, -264670, -551740
104042, -312, 1997, -530, 561400, -60970, -416290
104062, -292, 1997, -310, 653660, -25480, -335860
104082, -162, 1696, -500, -10360, -186200, -410270
104102, -121, 1234, -516, -225190, -224070, -466060
104122, -176, 1035, -310, 209300, -98420, -436100
104142, -160, 747, -104, 538580, -5040, -373030
104162, -119, 420, -3, 465570, -18060, -322980
104182, -78, 185, 20, 224840, -77490, -298200
104202, -52, 83, 13, 45290, -122990, -287560
104222, -38, 72, 1, -38080, -142450, -285950
104242, -33, 157, -11, -72800, -140070, -282380
104262, -24, 631, -121, -98700, -121030, -253890
104282, -85, 532, -174, -175210, -66710, -98070
104302, -193, 641, -224, -317940, 67620, 289100
104322, -411, 1231, -435, -411740, 176050, 599480
104342, -544, 1410, -438, -493290, 275520, 890960
104362, -371, 1219, -206, -500570, 326830, 1056440
104382, -277, 1997, -425, -287980, 151830, 670600
104402, -90, 1997, -945, -116550, -184380, -54390
104422, -486, 1997, -1085, -335090, -218820, -95970
104442, -492, 1997, -451, -506450, 177800, 706860
104462, -322, 1997, -432, -395920, 361550, 1047410
104482, -75, 1997, -905, -207340, 14560, 345100
104502, -250, 1997, -925, -291970, -253400, -167860
104522, -512, 1918, -510, -405090, 22260, 345660
104542, -320, 1233, -190, -346080, 339710, 919870
104562, -178, 1327, -289, -286580, 239680, 714560
104582, -85, 1416, -454, -238490, -66290, 115290
104602, -75, 1198, -405, -248080, -192780, -149870
104622, -174, 746, -223, -240170, -54390, 80010
104642, -176, 294, -78, -196210, 150430, 440020
104662, -131, 104, -24, -186620, 238210, 587370
104682, -97, 26, -10, -194740, 219520, 537110
104702, -74, -22, 0, -192150, 174230, 434490
104722, -57, -49, 6, -168980, 130620, 325360
104742, -46, -65, 7, -126350, 92260, 214130
104762, -49, -77, 1, 1610, 34720, -3780
104782, -72, -90, -21, 91140, 14490, -116130
104802, -170, -120, -94, 224560, -9100, -262500
104822, -572, 390, -466, 511490, -67900, -546840
104842, -1137, 1997, -1119, 1070230, -250740, -1089830
104862, -84, 1997, -981, 1320970, -496510, -1370530
104882, -571, 1997, -932, 535570, -263550, -386750
104902, -446, 961, -209, -360640, 205100, 871990
104922, -1334, 1997, -915, 110670, -128660, 186410
104942, -461, 1997, -1341, 762160, -892780, -1359820
104962, 35, 1997, -996, 257180, -863100, -1160950
104982, -336, 1546, -126, 120400, -85050, 246400
105002, -728, 1566, -28, 212870, 135940, 542710
105022, -720, 1997, -799, 81270, -471240, -609490
105042, 108, 1997, -1159, -265090, -879480, -1436750
105062, -114, 1929, -578, -69300, -378070, -790300
105082, -315, 919, 41, 379680, 287910, 228270
105102, -240, 396, 99, 178780, 367430, 395640
105122, -164, 284, -12, -179970, 35000, -123340
105142, -101, 213, -26, -315420, -216090, -594510
105162, -83, 210, -33, -338100, -246960, -754670
105182, 13, 438, -353, -345660, -191240, -783020
105202, -48, 148, -121, -244650, -55020, -720160
105222, -68, 100, -54, 104300, 233170, -423010
105242, -62, 351, -99, 262640, 365470, -225120
105262, -142, 716, -127, 280350, 417970, -70560
105282, -391, 834, -174, 162820, 513450, 279440
105302, -838, 1642, -556, -196910, 595770, 735140
105322, -882, 1720, -891, -744800, 554260, 1088430
105342, -280, 559, -471, -1304730, 339640, 1272950
105362, -403, 1997, -920, -823340, 9730, 840350
105382, -163, 1997, -874, 589540, -287840, -140070
105402, -985, 1997, -1214, 462000, -376180, -237580
105422, -494, 1063, -340, -776300, -31150, 894950
105442, -353, 1709, -354, -671370, 106820, 1385230
105462, -220, 1997, -642, 370160, -171080, 573090
105482, -302, 1997, -1085, 406350, -534730, -197050
105502, -540, 1941, -532, -325010, -414680, 261800
105522, -375, 1224, -30, -274260, 96110, 1234730
105542, -352, 1679, -200, 309820, 243740, 1202670
105562, 122, 1669, -490, 443590, -161980, 239750
105582, 0, 954, -480, -33600, -535500, -369670
105602, -90, 353, -125, -295470, -402710, 456190
105622, -99, 158, -15, 186620, 164010, 664300
105642, -104, 134, -20, 209300, 222880, 655830
105662, -115, 102, 3, 205310, 255500, 614250
105682, -122, 31, 51, 191170, 254590, 530670
105702, -130, -62, 102, 174860, 197120, 371490
105722, -138, -53, 102, 152250, 64960, 111300
105742, -161, 35, 72, 113540, -108710, -198450
105762, -237, 188, 71, 42140, -254170, -448280
105782, -467, 771, 115, -94010, -391930, -688030
105802, -483, 1997, -395, -425110, -595630, -1048950
105822, 248, 1997, -1357, -941220, -703570, -1364650
105842, -328, 1997, -1196, -583590, -142450, -812980
105862, -699, 1953, 146, 447440, 749210, 353430
105882, -732, 1997, -301, 128590, 660870, 173390
105902, -482, 1997, -1244, -418810, -165760, -1320200
105922, -170, 1997, -995, -70070, -113050, -1542100
105942, -485, 1762, -259, 408730, 595280, -376740
105962, -502, 1113, -243, 9450, 847210, 246680
105982, -798, 1997, -1000, -113680, 430010, -501690
106002, -229, 1997, -852, 627410, 72310, -1286180
106022, -259, 1997, -401, 839790, 191450, -842940
106042, -210, 705, -271, 114380, 477820, 94500
106062, -150, 249, -260, -400260, 485100, 301350
106082, -207, 238, -196, -85330, 367920, -63700
106102, -201, 210, -130, 456680, 317870, -387800
106122, -182, 335, -134, 694820, 282660, -481110
106142, -175, 621, 17, 735840, 230510, -461370
106162, -66, 322, 65, 642110, 168490, -377720
106182, -33, 70, 32, 263340, 81060, -210000
106202, -29, 75, 24, -72170, 24290, -61180
106222, -46, 143, 34, -176750, -2520, -21980
106242, -145, 569, 40, -255360, -24220, 10220
106262, -456, 1849, -533, -413210, -71120, 73920
106282, -683, 1995, -1166, -933100, -205100, 244790
106302, -281, 671, -699, -1635060, -393750, 571900
106322, -521, 1997, -840, -1243760, -516810, 661150
106342, -260, 1997, -1001, 273840, -647990, 3710
106362, -901, 1997, -1275, 337960, -837830, -451850
106382, -559, 1174, -262, -845180, -544670, 528290
106402, -521, 1754, -252, -721490, -206710, 1400280
106422, -327, 1997, -980, 88410, -463820, 749280
106442, -144, 1997, -1047, -71750, -942340, -176190
106462, -398, 1997, -358, 118370, -165200, 1125110
106482, -465, 1429, 157, 592690, 132790, 1266090
106502, -370, 1638, -267, 186270, -265370, 456400
106522, 49, 1389, -674, -422870, -691180, -197050
106542, 62, 830, -560, -299810, -577570, -85400
106562, 4, 587, -228, 404110, -181580, 300370
106582, -36, 401, -59, 807310, 86100, 497700
106602, -108, 387, 57, 804370, 166460, 508130
106622, -162, 284, 181, 616980, 137900, 443170
106642, -96, 70, 79, 259560, -24080, 271040
106662, -70, 28, 31, -37100, -184520, 119070
106682, -67, 40, 9, -145390, -259350, 48440
106702, -78, 75, 7, -203910, -301000, 9450
106722, -143, 271, 30, -261940, -333410, -16800
106742, -395, 1557, -97, -402640, -395150, -49840
106762, -476, 1997, -1102, -982310, -587090, -91070
106782, -157, 1209, -1114, -1684970, -736890, 91770
106802, -174, 1997, -712, -898870, -515200, 426090
106822, -416, 1997, -260, 715050, -241780, 321230
106842, -514, 1997, -1462, 182840, -414610, 38500
106862, -290, 1339, -929, -1427160, -556850, 336420
106882, -184, 1658, -452, -915600, -378210, 774340
106902, -351, 1997, -288, 484330, -239050, 556290
106922, -361, 1997, -1122, 285880, -405860, 157640
106942, -361, 1623, -1087, -906920, -509040, 388780
106962, -203, 1353, -320, -745220, -290500, 945630
106982, -309, 1615, -97, 414890, -117110, 856240
107002, -230, 1500, -371, 590450, -303940, 271670
107022, -183, 751, -435, -183470, -554470, -70
107042, -94, 222, -236, -615930, -524440, 228830
107062, -55, 21, -65, -384930, -352380, 478800
107082, -34, 15, -38, -31640, -205940, 529620
107102, -32, 2, -14, 148330, -126000, 472920
107122, -44, -5, -2, 237090, -73290, 400680
107142, -92, 3, 37, 288680, -41860, 315350
107162, -242, 110, 172, 315350, -46760, 195510
107182, -373, 640, 76, 280280, -140910, -28560
107202, -348, 1523, -184, 41650, -398440, -456610
107222, -41, 1997, -938, -454230, -657510, -860160
107242, 43, 1726, -1025, -990360, -674660, -920220
107262, -354, 1997, -392, -842870, -236530, -384440
107282, -545, 1759, 185, 110320, 414750, 355390
107302, -361, 1997, -584, 356020, 489650, 276780
107322, -23, 1997, -1314, -845110, -318150, -1304940
107342, -361, 1997, -779, -163030, 353920, -550550
107362, -473, 1556, -24, 214760, 855890, 187110
107382, -604, 1831, -320, -135660, 534730, -361340
107402, -266, 1997, -855, -57260, 70350, -1318520
107422, -182, 1997, -707, 301350, 198380, -1194690
107442, -343, 1428, -379, 244230, 635530, -276920
107462, -242, 564, -253, -171990, 787150, 145110
107482, -338, 550, -351, -115010, 650090, -185430
107502, -402, 713, -361, 419720, 540050, -592620
107522, -312, 831, -219, 785470, 495110, -677740
107542, -169, 620, -12, 759360, 447370, -537040
107562, -85, 179, 30, 408240, 390670, -315770
107582, -52, 23, 15, 65450, 336980, -177100
107602, -44, 15, 10, -69020, 304290, -147280
107622, -43, 4, 15, -116270, 288540, -147630
107642, -55, 25, 33, -143290, 276150, -155330
107662, -96, 161, 86, -176470, 253330, -170310
107682, -284, 1076, 195, -269080, 195370, -203770
107702, -145, 1997, -535, -708400, -13090, -363230
107722, 57, 1451, -966, -1473010, -299040, -672490
107742, -309, 1997, -1231, -1041880, -107100, -735630
107762, -541, 1997, 96, 674870, 504560, -303100
107782, -184, 1997, -480, 626780, 616350, -18410
107802, -149, 1731, -928, -927430, 44310, -698670
107822, -362, 1997, -1108, -816060, -28000, -1189580
107842, -508, 1997, -143, 595210, 481740, -782670
107862, -469, 1848, -332, 707000, 740040, -167230
107882, -326, 1981, -1060, -420000, 389830, -426860
107902, -343, 1997, -1086, -403130, 118440, -1064350
107922, -389, 1997, -188, 750680, 400190, -870310
107942, -248, 945, -79, 865060, 685510, -145460
107962, -119, 354, -202, -63210, 563500, 29260
107982, -147, 173, -206, -464450, 312410, -314230
108002, -177, 140, -127, -183750, 273420, -574980
108022, -171, 239, -144, 179620, 350070, -628110
108042, -148, 471, -141, 376040, 399280, -578200
108062, -116, 458, -20, 466760, 433860, -441000
108082, -121, 237, 27, 405510, 473900, -183540
108102, -139, 255, 48, 159110, 476980, 79730
108122, -191, 385, 46, -95060, 422660, 199290
108142, -266, 890, -80, -370930, 311290, 223930
108162, -205, 1425, -561, -1235710, -186200, -56630
108182, -70, 1265, -872, -1293530, -393400, -410200
108202, -177, 1997, -949, -308280, -238420, -621180
108222, -318, 1997, -264, 590730, 101570, -314580
108242, -432, 1997, -714, -226450, 176400, 174720
108262, -230, 1758, -1160, -1430310, -140280, 96810
108282, -228, 1997, -878, -835520, -310940, -361830
108302, -206, 1997, -481, 335440, -182980, -519890
108322, -388, 1997, -771, -53690, -43120, -93310
108342, -389, 1560, -865, -1183280, -84280, 299740
108362, -197, 1229, -515, -1023820, -218540, 145460
108382, -185, 1992, -349, -5390, -270620, -285180
108402, -143, 1981, -374, 241360, -270550, -384020
108422, -251, 1292, -483, -377580, -202160, -14980
108442, -223, 579, -368, -872830, -130270, 383530
108462, -123, 149, -170, -782880, -128100, 467950
108482, -66, 16, -45, -412160, -146720, 312830
108502, -45, -5, -12, -111090, -163730, 114940
108522, -41, 2, -1, 17710, -174090, -8890
108542, -37, 0, -2, 59150, -180110, -75180
108562, -35, 9, -4, 71050, -183540, -115010
108582, -37, 20, -23, 76580, -182070, -142310
108602, -59, 155, -153, 88830, -173740, -166180
108622, -132, 974, -604, 157780, -147140, -204750
108642, -260, 1978, -677, 535430, -67830, -297640
108662, -265, 1997, -271, 1062180, 42070, -301910
108682, -221, 1997, -422, 816130, 25900, -167580
108702, -145, 1479, -718, -86940, -115920, -83580
108722, -337, 1997, -883, -205240, -184660, -187740
108742, -354, 1997, -497, 684320, -127680, -405090
108762, -214, 1997, -531, 1039990, -152740, -490630
108782, -133, 1902, -736, 257740, -237230, -323890
108802, -352, 1997, -765, -217840, -210000, -136220
108822, -380, 1997, -480, 435120, -154770, -269990
108842, -158, 1997, -519, 831110, -256480, -552230
108862, -106, 1350, -506, 228130, -364000, -512820
108882, -147, 887, -340, -241920, -261170, -196350
108902, -213, 758, -188, 45010, -120190, -76160
108922, -210, 574, -88, 449120, -112490, -237860
108942, -152, 388, -43, 492030, -213010, -429380
108962, -102, 307, -48, 293720, -309190, -506730
108982, -54, 293, -64, 85120, -351680, -490490
109002, -13, 253, -81, -59500, -342230, -421470
109022, 1, 151, -73, -186900, -203070, -138600
109042, 4, 191, -104, -172690, -107170, 16450
109062, -14, 361, -175, -126630, 5040, 186410
109082, -144, 705, -267, -57960, 173040, 452200
109102, -482, 1488, -457, -22470, 399980, 829570
109122, -879, 1925, -490, -144130, 635320, 1262940
109142, -474, 1013, -138, -419090, 624820, 1314670
109162, -355, 1997, -574, -343910, 145180, 415730
109182, 35, 1997, -1106, -15330, -292040, -528290
109202, -715, 1997, -1071, -89740, -1680, -8610
109222, -937, 1797, -624, -501270, 532840, 1118880
109242, -300, 1468, -339, -585970, 376180, 942270
109262, -129, 1997, -625, -88550, -106470, -74060
109282, -151, 1997, -781, 5250, -228060, -356090
109302, -620, 1997, -722, -363370, 97370, 374780
109322, -398, 1044, -320, -637210, 362390, 1035160
109342, -250, 897, -170, -446740, 241290, 828380
109362, -185, 1287, -262, -4760, -71120, 91000
109382, 47, 1203, -268, 84420, -276640, -355250
109402, -66, 668, -223, -140980, -233450, -210350
109422, -97, 142, -69, -306810, -65590, 181720
109442, -87, 97, -57, -331590, 33460, 398090
109462, -78, 31, -45, -313530, 47950, 421820
109482, -69, 2, -53, -283570, 53340, 409080
109502, -53, -68, -61, -230930, 61880, 366100
109522, -61, -149, -87, -125230, 78190, 276780
109542, -163, -7, -171, 93940, 96600, 97790
109562, -406, 434, -316, 468580, 86380, -212450
109582, -708, 1671, -487, 840770, 8470, -563290
109602, -210, 1997, -622, 1038800, -186970, -911960
109622, -102, 1997, -869, 676900, -377230, -958230
109642, -385, 1618, -628, -108220, -162050, -197120
109662, -665, 1886, -484, -154980, 208670, 507220
109682, -679, 1997, -755, 618100, 106750, 19460
109702, 49, 1997, -1055, 848890, -416430, -977410
109722, -149, 1997, -727, 161490, -528080, -935480
109742, -424, 1695, -258, 28420, 6160, 29540
109762, -662, 1997, -403, 519190, 291970, 318780
109782, -170, 1997, -877, 658560, -96880, -472290
109802, 9, 1811, -739, 199920, -498960, -1073310
109822, -199, 1218, -295, -2590, -238560, -596610
109842, -230, 599, -6, 325780, 252910, 151340
109862, -189, 266, 29, 471590, 392210, -34300
109882, -128, 92, 0, 268240, -4620, -370230
109902, -113, 86, -17, 214200, -101780, -507220
109922, -107, 116, -22, 189630, -133070, -543060
109942, -102, 186, -11, 166600, -141540, -545580
109962, -58, 671, -57, 110040, -141960, -504490
109982, -44, 352, -84, -100030, -100870, -260400
110002, -77, 243, -83, -371140, -5040, 144200
110022, -236, 1022, -297, -475160, 32200, 332150
110042, -596, 1633, -636, -646450, 94570, 651420
110062, -622, 1374, -531, -863660, 168490, 1100750
110082, -426, 1226, -189, -700350, 55440, 1057560
110102, -381, 1997, -737, -131460, -371980, 122290
110122, -40, 1997, -1306, -162610, -709520, -583310
110142, -733, 1997, -849, -503580, -300930, 220080
110162, -578, 1447, -145, -395990, 265160, 1257340
110182, -384, 1852, -313, -273490, 82460, 899080
110202, 5, 1997, -1030, -351120, -477260, -128310
110222, -185, 1997, -881, -451150, -515340, -235130
110242, -641, 1997, -364, -120540, 42980, 646870
110262, -452, 1173, -42, 2940, 408940, 1200080
110282, -253, 1246, -279, -266490, 126000, 713440
110302, 49, 1224, -527, -406420, -339990, -109900
110322, 17, 860, -367, -275590, -410200, -340340
110342, -55, 323, -73, 28140, -150150, -19530
110362, -61, 130, -3, 216160, 99890, 336070
110382, -78, 128, 14, 218610, 181930, 440370
110402, -92, 91, 29, 169750, 196420, 448070
110422, -116, 77, 64, 111790, 189700, 434140
110442, -151, 50, 125, 50820, 151760, 377020
110462, -288, 160, 108, -40180, 51590, 241500
110482, -264, 380, 8, -168980, -151340, -55930
110502, -375, 919, -185, -315490, -399350, -465780
110522, -141, 1656, -725, -424830, -566510, -830480
110542, -61, 1997, -917, -351680, -584990, -1098370
110562, -287, 1997, -411, 155470, -283570, -885360
110582, -368, 1952, -114, 519960, 189910, -119280
110602, -426, 1997, -569, -109550, 254590, 231910
110622, -228, 1997, -1106, -716940, -211470, -460740
110642, -151, 1997, -713, -212800, -435820, -1163400
110662, -327, 1997, -379, 446250, -133490, -833000
110682, -264, 1489, -459, 5670, 187600, -41440
110702, -465, 1992, -752, -702240, 42210, -78750
110722, -192, 1997, -614, 366240, -244370, -1038520
110742, -134, 1874, -349, 262990, -40600, -555590
110762, -160, 927, -279, -346500, 127190, -1960
110782, -101, 331, -185, -589470, 113610, 52780
110802, -105, 142, -103, -336210, 53130, -209230
110822, -124, 72, -50, -8470, 37380, -450520
110842, -120, 68, -21, 143500, 40600, -557340
110862, -119, 134, -46, 184030, 39340, -588630
110882, -66, 655, -192, 202230, 45360, -576520
110902, -31, 426, -116, 201670, 126070, -379400
110922, -65, 164, -21, 106330, 274540, 22470
110942, -118, 531, -79, 14000, 334670, 215880
110962, -320, 1076, -257, -130060, 350630, 357420
110982, -610, 1552, -600, -476280, 379120, 674380
111002, -516, 1325, -653, -862190, 375970, 1003380
111022, -256, 1194, -437, -736050, 307160, 1003520
111042, -329, 1976, -144, 143710, 168210, 434000
111062, -211, 1997, -968, 466270, -57960, -158410
111082, -517, 1997, -1195, -492730, -76510, 109690
111102, -386, 1609, -504, -952910, 186340, 848820
111122, -309, 1919, -208, -164220, 294770, 868700
111142, -197, 1997, -478, 298130, 72380, 228340
111162, -198, 1997, -1054, -315560, -194600, -120050
111182, -355, 1732, -734, -873670, -72310, 299320
111202, -372, 1348, -173, -469420, 261940, 836570
111222, -285, 1286, -31, 120120, 344820, 732130
111242, -139, 1211, -226, 93030, 54810, 125930
111262, -14, 665, -298, -362390, -225120, -280840
111282, -10, 220, -160, -612920, -218680, -223300
111302, -15, 76, -87, -550060, -79520, -25060
111322, -17, 36, -67, -426020, 27930, 83370
111342, -15, 13, -67, -345520, 90580, 120750
111362, -11, -1, -84, -283500, 140560, 133980
111382, -10, 0, -140, -214970, 195230, 132650
111402, -28, 83, -289, -113190, 271390, 124110
111422, -147, 541, -506, 80780, 394940, 114380
111442, -355, 1475, -711, 478870, 601300, 129010
111462, -608, 1997, -320, 1002610, 853650, 221480
111482, -436, 1873, -11, 1268960, 1015770, 343350
111502, -108, 1997, -818, 728910, 802410, 131180
111522, -156, 1997, -1316, -189070, 334530, -421820
111542, -942, 1997, -804, -169470, 425670, -313180
111562, -637, 1566, -340, 422100, 1065470, 602490
111582, -290, 1967, -596, -192010, 834960, 130830
111602, -224, 1997, -851, 42350, 574420, -413630
111622, -551, 1997, -923, -209790, 780850, 77070
111642, -333, 1390, -794, -943670, 904680, 569380
111662, -263, 1077, -549, -826910, 755930, 287910
111682, -353, 1475, -242, 18620, 648970, -201880
111702, -208, 1239, -63, 248220, 560000, -388430
111722, -82, 683, -134, -275030, 424690, -394800
111742, 3, 228, -143, -757330, 340480, -393820
111762, 10, 122, -162, -844900, 350490, -417830
111782, -13, 96, -256, -727580, 425460, -437710
111802, -118, 24, -163, -465010, 570500, -396200
111822, -159, 38, -129, -190260, 718900, -297780
111842, -175, 186, -150, -54040, 784630, -216090
111862, -225, 605, -199, -2660, 816690, -107590
111882, -355, 774, -254, -104160, 860650, 140980
111902, -484, 1159, -494, -494340, 860720, 458640
111922, -295, 1188, -694, -1047690, 724430, 609210
111942, -163, 911, -714, -1336020, 484260, 462000
111962, -336, 1997, -711, -557830, 353360, -5390
111982, -296, 1997, -275, 505330, 361970, -332710
112002, -167, 1997, -1073, -50820, 274540, -215110
112022, -144, 1340, -797, -1371370, 124250, -21770
112042, -289, 1959, -554, -1019270, 163380, -23240
112062, -338, 1997, -86, 247870, 303660, -164710
112082, -113, 1997, -627, 189210, 182910, -312410
112102, -2, 1662, -934, -939400, -68810, -404530
112122, -148, 1453, -612, -1177120, -21700, -307510
112142, -347, 1568, -105, -175070, 269150, -152950
112162, -239, 1332, -2, 442260, 378770, -132790
112182, -100, 943, -176, 20650, 168840, -314020
112202, 9, 529, -230, -625100, -61600, -515480
112222, 11, 239, -214, -794850, -73640, -550830
112242, -34, 95, -122, -588910, 62650, -480620
112262, -69, 55, -62, -265720, 235760, -369670
112282, -78, 110, -61, -32900, 353080, -273630
112302, -74, 434, -153, 80150, 400540, -207060
112322, -198, 822, -194, 141330, 432390, -110950
112342, -377, 953, -223, 133630, 519610, 155610
112362, -492, 1138, -360, -68110, 619500, 540330
112382, -495, 898, -447, -430360, 606480, 779170
112402, -195, 1065, -415, -706580, 451850, 732620
112422, -189, 1997, -456, 200130, 136990, -90790
112442, -293, 1997, -547, 210980, 159250, -10780
112462, -526, 1997, -903, -576380, 228830, 487270
112482, -270, 1586, -699, -969640, 195300, 753760
112502, -239, 1997, -546, -277550, 90020, 470330
112522, -232, 1997, -516, 237300, -40950, 69720
112542, -376, 1997, -963, -353710, -110250, 168630
112562, -320, 1617, -664, -860440, -27930, 619570
112582, -244, 1409, -298, -361340, 20790, 702520
112602, -233, 1587, -197, 181650, -94710, 336210
112622, -191, 1458, -350, 3290, -293790, 49840
112642, -175, 878, -373, -422170, -357140, 148820
112662, -157, 421, -206, -476420, -284900, 414470
112682, -117, 180, -63, -216090, -203770, 552300
112702, -93, 83, 3, 46900, -179550, 520170
112722, -92, 58, 28, 189980, -207480, 412090
112742, -109, 58, 40, 237020, -269430, 283780
112762, -148, 107, 35, 214200, -358400, 146860
112782, -199, 228, 13, 125160, -468510, 10290
112802, -299, 607, -42, -34510, -590870, -112420
112822, -379, 1363, -351, -302190, -729260, -214900
112842, -299, 1604, -760, -710780, -867860, -247100
112862, -161, 1304, -692, -905240, -862890, -79100
112882, -277, 1964, -369, -360500, -657020, 166530
112902, -444, 1997, -480, 251790, -519750, 187040
112922, -541, 1997, -1077, -177240, -625170, 141400
112942, -431, 1746, -861, -978110, -715400, 392490
112962, -334, 1997, -434, -621040, -649250, 648130
112982, -375, 1997, -642, 166600, -639870, 461090
113002, -340, 1992, -754, -1120, -732130, 325150
113022, -335, 1358, -437, -433510, -660100, 697200
113042, -309, 1299, -231, -100800, -505820, 1000440
113062, -318, 1497, -359, 421610, -531230, 739760
113082, -244, 1175, -501, 359660, -735840, 297990
113102, -128, 673, -360, 34860, -829920, 216230
113122, -100, 370, -183, 94990, -717570, 402990
113142, -114, 226, -99, 431270, -584150, 467250
113162, -154, 207, -66, 620480, -557410, 345730
113182, -186, 225, -67, 584360, -614250, 181860
113202, -194, 227, -97, 414540, -699580, 60480
113222, -193, 336, -152, 193480, -772870, 14630
113242, -175, 615, -291, 3080, -807660, 50050
113262, -182, 616, -317, -135730, -783790, 194250
113282, -221, 925, -298, 35770, -394730, 913710
113302, -294, 1276, -135, 376950, -139370, 1125180
113322, -407, 1423, 18, 546840, -98840, 929110
113342, -345, 1997, -496, 199850, -445480, 290990
113362, -90, 1909, -983, -233030, -696360, -49000
113382, -45, 1997, -793, 261100, -381990, 331730
113402, -369, 1997, -110, 1064350, 96740, 763980
113422, -357, 1997, -342, 745220, 66990, 581770
113442, -71, 1997, -987, -86870, -335860, 30730
113462, -12, 1997, -1017, 178570, -315700, -40110
113482, -289, 1997, -266, 1052870, 71120, 318500
113502, -294, 1718, -199, 817740, 159180, 437080
113522, -132, 1166, -485, -33530, -132510, 118860
113542, -47, 955, -517, -109690, -275030, -140910
113562, -64, 886, -344, 461860, -141750, -140700
113582, -82, 685, -124, 853090, 14560, -18060
113602, -89, 426, 27, 806540, 59290, 83020
113622, -74, 197, 54, 537040, 16940, 124460
113642, -56, 75, 39, 258650, -57400, 122150
113662, -46, 42, 24, 87920, -118790, 102060
113682, -44, 33, 18, 3360, -156450, 83580
113702, -54, 79, 22, -46690, -178920, 71260
113722, -103, 320, 30, -94570, -196280, 65940
113742, -286, 1291, -154, -199150, -226240, 79800
113762, -562, 1904, -782, -575260, -304080, 193480
113782, -561, 1401, -859, -1182300, -380240, 553280
113802, -267, 1154, -387, -1126580, -359310, 950530
113822, -414, 1997, -389, -41860, -314860, 794290
113842, -351, 1997, -1232, 527030, -521640, 98840
113862, -527, 1997, -1016, -396830, -667660, 63840
113882, -391, 1674, -257, -747460, -312480, 957460
113902, -398, 1996, -132, 155540, -39550, 1209880
113922, -221, 1997, -873, 449540, -300580, 468090
113942, -126, 1913, -895, -244020, -634480, -2310
113962, -269, 1905, -412, -410970, -414610, 474880
113982, -369, 1480, 66, 364490, 73640, 1039360
114002, -281, 1473, -157, 703640, 179970, 868560
114022, 106, 1113, -467, 179200, -196280, 194390
114042, 24, 562, -371, -390530, -465010, -162190
114062, -12, 183, -99, -307440, -339500, -6860
114082, -19, 107, -28, 136710, -73920, 240450
114102, -29, 107, -23, 376180, 79310, 325640
114122, -54, 118, 2, 409220, 133490, 313250
114142, -113, 172, 84, 365330, 167510, 274960
114162, -235, 333, 222, 228410, 86520, 163030
114182, -185, 447, 49, -143780, -157850, -117670
114202, -191, 827, -125, -575680, -403760, -404810
114222, -149, 1497, -513, -862540, -503720, -549990
114242, 28, 1453, -823, -877240, -436450, -566720
114262, -158, 1996, -578, -193550, -69510, -283430
114282, -382, 1983, 37, 369250, 263690, 72030
114302, -265, 1997, -434, -189140, 117950, -32760
114322, -83, 1997, -952, -1013670, -267260, -551530
114342, -127, 1997, -933, -719250, -210980, -734720
114362, -354, 1997, -235, 167510, 198240, -365400
114382, -242, 1997, -447, -44310, 322000, -73710
114402, -142, 1997, -847, -846020, 19600, -440860
114422, -196, 1997, -802, -563360, -53690, -825860
114442, -241, 1996, -301, 228480, 223650, -635600
114462, -181, 1171, -175, 139440, 389270, -258300
114482, -101, 676, -242, -455490, 283360, -269710
114502, -133, 442, -249, -571480, 172270, -532070
114522, -185, 344, -194, -222250, 220710, -698810
114542, -192, 331, -146, 150920, 334040, -689080
114562, -157, 432, -94, 339010, 407540, -586180
114582, -119, 315, -16, 358610, 441000, -431060
114602, -90, 177, 11, 228410, 449680, -245420
114622, -79, 137, 15, 38080, 429520, -111160
114642, -86, 237, 19, -126420, 394100, -45360
114662, -146, 725, -69, -293860, 347270, -7420
114682, -226, 1392, -495, -578060, 271530, 47810
114702, -217, 1480, -913, -1066870, 161280, 161770
114722, -137, 1119, -785, -1392230, 105630, 332640
114742, -310, 1977, -443, -780500, 225680, 408590
114762, -342, 1997, -108, 334810, 364630, 207200
114782, -53, 1997, -1177, 207200, 164990, -174510
114802, -42, 1868, -1250, -1081080, -118440, -352520
114822, -293, 1997, -564, -1286040, 55160, -47670
114842, -412, 1997, -64, -157780, 433580, 234710
114862, -65, 1997, -769, 163240, 383390, -12950
114882, -16, 1995, -1105, -754810, -38920, -594860
114902, -286, 1856, -611, -1117690, -2450, -636160
114922, -379, 1289, -62, -304920, 482580, -146860
114942, -282, 1084, -60, 128660, 690620, 58310
114962, -193, 961, -218, -170660, 413630, -370440
114982, -117, 688, -270, -389410, 150290, -1003100
115002, -120, 416, -200, -177940, 348040, -800660
115022, -137, 143, -89, -18270, 531790, -515900
115042, -135, 50, -51, 28420, 607670, -345310
115062, -131, 40, -33, 33320, 613410, -281050
115082, -126, 64, -9, 23660, 595910, -248920
115102, -119, 142, 28, -17430, 563290, -219660
115122, -121, 307, 74, -132230, 507920, -183260
115142, -110, 512, -9, -395920, 411950, -139370
115162, -125, 965, -249, -819840, 273770, -98490
115182, -112, 1662, -813, -1281560, 131950, -64260
115202, -47, 1156, -858, -1511790, 81480, 7070
115222, -301, 1997, -699, -705600, 281680, 78190
115242, -455, 1997, -18, 458710, 479640, 210
115262, -66, 1997, -849, 23660, 208670, -357280
115282, 25, 1997, -1363, -1251180, -111580, -675640
115302, -315, 1997, -705, -872830, 180600, -453250
115322, -468, 1997, -9, 275450, 581560, -124950
115342, -233, 1997, -464, 93590, 409150, -350840
115362, -115, 1997, -1037, -729400, -5600, -956830
115382, -259, 1997, -825, -544180, 138320, -971110
115402, -416, 1585, -203, 259350, 624260, -374850
115422, -313, 875, -61, 286090, 758660, -66920
115442, -285, 691, -165, -94010, 471450, -433440
115462, -238, 503, -159, -118440, 240870, -854420
115482, -200, 395, -141, 81410, 232540, -929390
115502, -143, 362, -99, 235620, 294000, -792260
115522, -97, 242, -22, 285600, 345450, -578130
115542, -76, 178, 17, 235410, 371350, -347900
115562, -69, 154, 40, 127540, 360920, -168630
115582, -78, 194, 49, -2940, 323400, -42840
115602, -123, 359, 31, -157780, 264670, 53130
115622, -279, 927, -153, -369390, 179970, 143500
115642, -526, 1772, -708, -717220, 51030, 260120
115662, -447, 1390, -906, -1248590, -138320, 434980
115682, -223, 1104, -613, -1538180, -328230, 612500
115702, -449, 1927, -356, -652890, -410830, 442190
115722, -353, 1997, -1021, 528780, -514360, -134610
115742, -771, 1997, -996, -1470, -591430, -103180
115762, -410, 1161, -275, -1021160, -361270, 823550
115782, -484, 1992, -285, -561400, -266070, 1179990
115802, -133, 1997, -898, 249550, -548450, 448630
115822, -298, 1997, -846, -15400, -860090, -86100
115842, -352, 1610, -190, 133630, -157290, 1222760
115862, -416, 1302, 52, 548520, -80710, 1054830
115882, -359, 1596, -363, 225750, -505470, 252140
115902, -169, 1137, -655, -294840, -808360, -157290
115922, 7, 582, -425, -159250, -661150, 57190
115942, 3, 216, -114, 424830, -362250, 333270
115962, 0, 177, -63, 745220, -207480, 387940
115982, -67, 274, 18, 783790, -174860, 345660
116002, -193, 430, 162, 677320, -212660, 274190
116022, -161, 196, 22, 297780, -375830, 149450
116042, -147, 123, -45, -119910, -543760, 74480
116062, -177, 285, -92, -277690, -611940, 74060
116082, -313, 1252, -325, -369600, -640290, 123760
116102, -535, 1571, -680, -606830, -635950, 370440
116122, -545, 1277, -501, -734090, -497560, 941990
116142, -405, 1134, -110, -263900, -329210, 1275680
116162, -498, 1997, -445, 298410, -446040, 807660
116182, 13, 1997, -1128, 23310, -853090, 52150
116202, -156, 1997, -858, -431690, -844340, 227710
116222, -489, 1997, -188, 265020, -292600, 1012760
116242, -469, 1997, -108, 862470, -1960, 1089060
116262, -157, 1997, -957, 241780, -383600, 376320
116282, 69, 1984, -893, -352450, -661010, 21350
116302, -184, 1997, -389, 398720, -325850, 362040
116322, -327, 1709, 13, 1143030, 35560, 609560
116342, -236, 1250, -286, 631960, -78610, 402990
116362, -113, 717, -443, -208810, -396550, 59220
116382, -29, 432, -331, -294000, -470540, -58800
116402, -44, 327, -204, 214340, -331170, -51660
116422, -71, 431, -145, 658700, -195160, -45220
116442, -129, 812, -25, 784490, -151060, -51100
116462, -117, 517, 3, 650720, -168700, -24850
116482, -111, 276, -34, 222180, -229530, 74060
116502, -162, 553, -122, -149940, -284550, 168840
116522, -205, 938, -323, -312620, -315840, 221970
116542, -209, 977, -380, -435890, -325850, 306950
116562, -195, 1004, -298, -437150, -290500, 426300
116582, -214, 1339, -245, -200200, -230440, 455840
116602, -233, 1804, -374, 35770, -220990, 342510
116622, -281, 1997, -643, -39690, -271740, 239470
116642, -331, 1997, -659, -343910, -276220, 354970
116662, -324, 1997, -484, -418040, -158900, 659400
116682, -307, 1997, -540, 103880, -80710, 594440
116702, -232, 1997, -892, -144550, -223440, 373940
116722, -264, 1997, -783, -225820, -149660, 543900
116742, -321, 1997, -408, 129570, 34790, 748720
116762, -261, 1969, -355, 193830, -7350, 575750
116782, -153, 1577, -465, -75460, -172690, 317660
116802, -100, 1146, -389, -118860, -176750, 312200
116822, -115, 891, -223, 113680, -43540, 441420
116842, -137, 696, -89, 294420, 65240, 504000
116862, -139, 521, -20, 282940, 76090, 450030
116882, -115, 343, -6, 152810, 6510, 317660
116902, -77, 169, -12, 13300, -87080, 170450
116922, -49, 63, -11, -65100, -153160, 58310
116942, -33, 27, -15, -87220, -179900, -8680
116962, -24, 10, -13, -82250, -180390, -47880
116982, -22, 7, -14, -69370, -167790, -73360
117002, -28, 14, -16, -56630, -151200, -94780
117022, -51, 86, -26, -44100, -134890, -117320
117042, -179, 645, -41, -32270, -123830, -148890
117062, -217, 1420, -239, -59010, -150430, -227290
117082, -148, 1805, -476, -223930, -235340, -356160
117102, 1974, 1997, -1997, -432040, -253540, -364140
117122, 841, -1998, -1917, 272020, -616210, 6510
117142, -156, -329, 397, 1768270, -579740, 253260
117162, 172, -485, -151, 1214430, -394240, -56980
117182, 1454, 145, -733, 679070, -623210, -364210
117202, 587, 614, -279, 558390, -365190, -452620
