{"token": "ya29.A0ARrdaM_c49P4k_zqpvFCZF930vYkiqOCrHKjT4dmhnsXjNPEZRq77CNlfVNJbn9RHONU6V5Sd42SPcvhcfv5QbZyFZf4y3oiELrMxtL5k7iLZRGuLEb5VEwgXerw8ViDb93zCJB2SJoiotAuSD4_rIapuBek", "refresh_token": "1//03lY3qPEQSRtqCgYIARAAGAMSNwF-L9IriKJhaaBZPFTyzfh2k_tt53pdvbp55rFGqRJVydji1DF7cjxn77tKpEkNc41y1liPUtU", "token_uri": "https://oauth2.googleapis.com/token", "client_id": "123479135698-adq7os0ke1sbk3qficsj4a49kc50vnq8.apps.googleusercontent.com", "client_secret": "IqG7k9bYytNV5EjphK8E4RSa", "scopes": ["https://www.googleapis.com/auth/spreadsheets.readonly"], "expiry": "2021-12-17T18:00:31.600048Z"}